,Accuracy,F1 Score,Theil Index,False Positive Rate - Unprivileged,False Positive Rate - Privileged,False Negative Rate - Unprivileged,False Negative Rate - Privileged,Accuracy - Unprivileged,Accuracy - Privileged,False Discovery Rate - Unprivileged,False Discovery Rate - Privileged,False Omission Rate - Unprivileged,False Omission Rate - Privileged,Num True Pos,Num True Neg,Num False Pos,Num False Neg,Num True Pos - Privileged,Num True Neg - Privileged,Num False Pos - Privileged,Num False Neg - Privileged,Num True Pos - Unprivileged,Num True Neg - Unprivileged,Num False Pos - Unprivileged,Num False Neg - Unprivileged,F1 Score - Privileged,F1 Score - Unprivileged,Privileged base Rate,Unprivileged base Rate,Consistency
DIR,0.6801999999999999,0.7202,0.19124999999999998,0.37060000000000004,0.50905,0.26080000000000003,0.20825,0.68635,0.6685,0.31820000000000004,0.30820000000000003,0.30825,0.38005,762.0,497.0,349.5,242.5,294.5,126.5,131.5,77.5,467.5,370.5,218.0,165.0,0.7383500000000001,0.7093499999999999,0.67605,0.5613,0.8886000000000001
Logistic Regression,0.67235,0.71355,0.19590000000000002,0.35329999999999995,0.57865,0.2812,0.19115,0.6838500000000001,0.6501,0.3141,0.3313,0.31855,0.3954,755.5,489.0,357.5,249.0,301.0,108.5,149.5,71.0,454.5,380.5,208.0,178.0,0.7319,0.7018500000000001,0.7145999999999999,0.5426500000000001,0.87965
OP,0.667,0.70055,0.19924999999999998,0.36375,0.52425,0.2931,0.2233,0.669,0.66405,0.37575000000000003,0.2874,0.28155,0.43989999999999996,617.5,439.0,310.5,217.0,307.5,112.5,124.0,88.5,310.0,326.5,186.5,128.5,0.7432,0.6627000000000001,0.68225,0.52195,0.97185
